{
"response_code": 0,
"results": [
{
"category": "General Knowledge",
"type": "multiple",
"difficulty": "medium",
"question": "What is the world&#039;s most expensive spice by weight?",
"correct_answer": "Saffron",
"incorrect_answers": [
"Cinnamon",
"Cardamom",
"Vanilla"
]
},
{
"category": "General Knowledge",
"type": "multiple",
"difficulty": "easy",
"question": "Where is the train station &quot;Llanfair&shy;pwllgwyngyll&shy;gogery&shy;chwyrn&shy;drobwll&shy;llan&shy;tysilio&shy;gogo&shy;goch&quot;?",
"correct_answer": "Wales",
"incorrect_answers": [
"Moldova",
"Czech Republic",
"Denmark"
]
},
{
"category": "General Knowledge",
"type": "multiple",
"difficulty": "easy",
"question": "What&#039;s the name of Batman&#039;s  parents?",
"correct_answer": "Thomas &amp; Martha",
"incorrect_answers": [
"Joey &amp; Jackie",
"Jason &amp; Sarah",
"Todd &amp; Mira"
]
},
{
"category": "General Knowledge",
"type": "multiple",
"difficulty": "medium",
"question": "When was the Declaration of Independence approved by the Second Continental Congress?",
"correct_answer": "July 2, 1776",
"incorrect_answers": [
"May 4, 1776",
"June 4, 1776",
"July 4, 1776"
]
},
{
"category": "General Knowledge",
"type": "multiple",
"difficulty": "medium",
"question": "What is the defining characteristic of someone who is described as hirsute?",
"correct_answer": "Hairy",
"incorrect_answers": [
"Rude",
"Funny",
"Tall"
]
},
{
"category": "General Knowledge",
"type": "multiple",
"difficulty": "medium",
"question": "A doctor with a PhD is a doctor of what?",
"correct_answer": "Philosophy",
"incorrect_answers": [
"Psychology",
"Phrenology",
"Physical Therapy"
]
},
{
"category": "General Knowledge",
"type": "multiple",
"difficulty": "easy",
"question": "What is the largest organ of the human body?",
"correct_answer": "Skin",
"incorrect_answers": [
"Heart",
"large Intestine",
"Liver"
]
},
{
"category": "General Knowledge",
"type": "multiple",
"difficulty": "easy",
"question": "Which sign of the zodiac is represented by the Crab?",
"correct_answer": "Cancer",
"incorrect_answers": [
"Libra",
"Virgo",
"Sagittarius"
]
},
{
"category": "General Knowledge",
"type": "multiple",
"difficulty": "easy",
"question": "What does the &#039;S&#039; stand for in the abbreviation SIM, as in SIM card? ",
"correct_answer": "Subscriber",
"incorrect_answers": [
"Single",
"Secure",
"Solid"
]
},
{
"category": "General Knowledge",
"type": "multiple",
"difficulty": "easy",
"question": "Which American president appears on a one dollar bill?",
"correct_answer": "George Washington",
"incorrect_answers": [
"Thomas Jefferson",
"Abraham Lincoln",
"Benjamin Franklin"
]
},
{
"category": "General Knowledge",
"type": "multiple",
"difficulty": "easy",
"question": "What geometric shape is generally used for stop signs?",
"correct_answer": "Octagon",
"incorrect_answers": [
"Hexagon",
"Circle",
"Triangle"
]
},
{
"category": "General Knowledge",
"type": "multiple",
"difficulty": "hard",
"question": "The words &quot;bungalow&quot; and &quot;shampoo&quot; originate from the languages of which country?",
"correct_answer": "India",
"incorrect_answers": [
"Papua New Guinea",
"Ethiopia",
"China"
]
},
{
"category": "General Knowledge",
"type": "multiple",
"difficulty": "easy",
"question": "What is the shape of the toy invented by Hungarian professor Ernő Rubik?",
"correct_answer": "Cube",
"incorrect_answers": [
"Sphere",
"Cylinder",
"Pyramid"
]
},
{
"category": "General Knowledge",
"type": "multiple",
"difficulty": "medium",
"question": "What is the name of the very first video uploaded to YouTube?",
"correct_answer": "Me at the zoo",
"incorrect_answers": [
"tribute",
"carrie rides a truck",
"Her new puppy from great grandpa vern."
]
},
{
"category": "General Knowledge",
"type": "multiple",
"difficulty": "medium",
"question": "In 2013 how much money was lost by Nigerian scams?",
"correct_answer": "$12.7 Billion",
"incorrect_answers": [
"$95 Million",
"$956 Million",
"$2.7 Billion"
]
},
{
"category": "General Knowledge",
"type": "multiple",
"difficulty": "medium",
"question": "Which of these companies does NOT manufacture automobiles?",
"correct_answer": "Ducati",
"incorrect_answers": [
"Nissan",
"GMC",
"Fiat"
]
},
{
"category": "General Knowledge",
"type": "multiple",
"difficulty": "easy",
"question": "Red Vines is a brand of what type of candy?",
"correct_answer": "Licorice",
"incorrect_answers": [
"Lollipop",
"Chocolate",
"Bubblegum"
]
},
{
"category": "General Knowledge",
"type": "multiple",
"difficulty": "hard",
"question": "Sciophobia is the fear of what?",
"correct_answer": "Shadows",
"incorrect_answers": [
"Eating",
"Bright lights",
"Transportation"
]
},
{
"category": "General Knowledge",
"type": "multiple",
"difficulty": "medium",
"question": "Which of the following buildings is example of a structure primarily built in the Art Deco architectural style?",
"correct_answer": "Niagara Mohawk Building",
"incorrect_answers": [
"Taipei 101",
"One Detroit Center",
"Westendstrasse 1"
]
},
{
"category": "General Knowledge",
"type": "multiple",
"difficulty": "medium",
"question": "What alcoholic drink is mainly made from juniper berries?",
"correct_answer": "Gin",
"incorrect_answers": [
"Vodka",
"Rum",
"Tequila"
]
},
{
"category": "General Knowledge",
"type": "multiple",
"difficulty": "hard",
"question": "Which of these banks are NOT authorized to issue currency notes in Hong Kong?",
"correct_answer": "OCBC",
"incorrect_answers": [
"HSBC",
"Standard Chartered",
"Bank of China"
]
},
{
"category": "General Knowledge",
"type": "multiple",
"difficulty": "easy",
"question": "What was the nickname given to the Hughes H-4 Hercules, a heavy transport flying boat which achieved flight in 1947?",
"correct_answer": "Spruce Goose",
"incorrect_answers": [
"Noah&#039;s Ark",
"Fat Man",
"Trojan Horse"
]
},
{
"category": "General Knowledge",
"type": "multiple",
"difficulty": "medium",
"question": "What is the Swedish word for &quot;window&quot;?",
"correct_answer": "F&ouml;nster",
"incorrect_answers": [
"H&aring;l",
"Sk&auml;rm",
"Ruta"
]
},
{
"category": "General Knowledge",
"type": "multiple",
"difficulty": "hard",
"question": "What is the romanized Korean word for &quot;heart&quot;?",
"correct_answer": "Simjang",
"incorrect_answers": [
"Aejeong",
"Jeongsin",
"Segseu"
]
},
{
"category": "General Knowledge",
"type": "multiple",
"difficulty": "medium",
"question": "What country saw a world record 315 million voters turn out for elections on May 20, 1991?",
"correct_answer": "India",
"incorrect_answers": [
"United States of America",
"Soviet Union",
"Poland"
]
},
{
"category": "General Knowledge",
"type": "multiple",
"difficulty": "medium",
"question": "According to the United States&#039; CDC, one in how many Americans die annually due to smoking?",
"correct_answer": "Five",
"incorrect_answers": [
"Twenty",
"Ten",
"One hundred"
]
},
{
"category": "General Knowledge",
"type": "multiple",
"difficulty": "easy",
"question": "Who is depicted on the US hundred dollar bill?",
"correct_answer": "Benjamin Franklin",
"incorrect_answers": [
"George Washington",
"Abraham Lincoln",
"Thomas Jefferson"
]
},
{
"category": "General Knowledge",
"type": "multiple",
"difficulty": "easy",
"question": "What do the letters in the GMT time zone stand for?",
"correct_answer": "Greenwich Mean Time",
"incorrect_answers": [
"Global Meridian Time",
"General Median Time",
"Glasgow Man Time"
]
},
{
"category": "General Knowledge",
"type": "multiple",
"difficulty": "hard",
"question": "Which of the following languages does NOT use gender as a part of its grammar?",
"correct_answer": "Turkish",
"incorrect_answers": [
"German",
"Danish",
"Polish"
]
},
{
"category": "General Knowledge",
"type": "multiple",
"difficulty": "medium",
"question": "The new One World Trade Center in Manhattan, New York City was designed by which architect? ",
"correct_answer": "David Childs",
"incorrect_answers": [
"Bjarke Ingels",
"Michael Arad",
"Fumihiko Maki"
]
},
{
"category": "General Knowledge",
"type": "multiple",
"difficulty": "easy",
"question": "According to Sherlock Holmes, &quot;If you eliminate the impossible, whatever remains, however improbable, must be the...&quot;",
"correct_answer": "Truth",
"incorrect_answers": [
"Answer",
"Cause",
"Source"
]
},
{
"category": "General Knowledge",
"type": "multiple",
"difficulty": "medium",
"question": "Amsterdam Centraal station is twinned with what station?",
"correct_answer": "London Liverpool Street",
"incorrect_answers": [
"Frankfurt (Main) Hauptbahnhof",
"Paris Gare du Nord",
"Brussels Midi"
]
},
{
"category": "General Knowledge",
"type": "multiple",
"difficulty": "hard",
"question": "How many calories are in a 355 ml can of Pepsi Cola?",
"correct_answer": "150",
"incorrect_answers": [
"200",
"100",
"155"
]
},
{
"category": "General Knowledge",
"type": "multiple",
"difficulty": "medium",
"question": "What year was Apple Inc. founded?",
"correct_answer": "1976",
"incorrect_answers": [
"1978",
"1980",
"1974"
]
},
{
"category": "General Knowledge",
"type": "multiple",
"difficulty": "medium",
"question": "When was Hubba Bubba first introduced?",
"correct_answer": "1979",
"incorrect_answers": [
"1984",
"1972",
"1980"
]
},
{
"category": "General Knowledge",
"type": "multiple",
"difficulty": "easy",
"question": "What was the first ever London Underground line to be built?",
"correct_answer": "Metropolitan Line",
"incorrect_answers": [
"Circle Line",
"Bakerloo Line",
"Victoria Line"
]
},
{
"category": "General Knowledge",
"type": "multiple",
"difficulty": "easy",
"question": "How tall is the Burj Khalifa?",
"correct_answer": "2,722 ft",
"incorrect_answers": [
"2,717 ft",
"2,546 ft",
"3,024 ft"
]
},
{
"category": "General Knowledge",
"type": "multiple",
"difficulty": "hard",
"question": "According to Fair Works Australia, how long do you have to work to get Long Service Leave?",
"correct_answer": "7 years",
"incorrect_answers": [
"2 years",
"8 years",
"6 months"
]
},
{
"category": "General Knowledge",
"type": "multiple",
"difficulty": "medium",
"question": "Who invented Pastafarianism?",
"correct_answer": "Bobby Henderson",
"incorrect_answers": [
"Eric Tignor",
"Bill Nye",
"Zach Soldi"
]
},
{
"category": "General Knowledge",
"type": "multiple",
"difficulty": "medium",
"question": "In a 1994 CBS interview, Microsoft co-founder Bill Gates performed what unusual trick on camera?",
"correct_answer": "Jumping over an office chair",
"incorrect_answers": [
"Jumping backwards over a desk",
"Standing on his head",
"Typing on a keyboard during a handstand"
]
},
{
"category": "General Knowledge",
"type": "multiple",
"difficulty": "hard",
"question": "In flight systems, what does the initialism &quot;TCAS&quot; stand for?",
"correct_answer": "Traffic Collision Avoidance System",
"incorrect_answers": [
"Traffic Communication Alert System",
"Traffic Configuration Alignment System",
"Traffic Call-sign Abbreviation System"
]
},
{
"category": "General Knowledge",
"type": "multiple",
"difficulty": "hard",
"question": "Named after the mallow flower, mauve is a shade of what?",
"correct_answer": "Purple",
"incorrect_answers": [
"Red",
"Brown",
"Pink"
]
},
{
"category": "General Knowledge",
"type": "multiple",
"difficulty": "hard",
"question": "Chartreuse is a color between yellow and what?",
"correct_answer": "Green",
"incorrect_answers": [
"Red",
"Black",
"Purple"
]
},
{
"category": "General Knowledge",
"type": "multiple",
"difficulty": "medium",
"question": "Which item of clothing is usually worn by a Scotsman at a wedding?",
"correct_answer": "Kilt",
"incorrect_answers": [
"Skirt",
"Dress",
"Rhobes"
]
},
{
"category": "General Knowledge",
"type": "multiple",
"difficulty": "medium",
"question": "Which of these words means &quot;idle spectator&quot;?",
"correct_answer": "Gongoozler",
"incorrect_answers": [
"Gossypiboma",
"Jentacular",
"Meupareunia"
]
},
{
"category": "General Knowledge",
"type": "multiple",
"difficulty": "easy",
"question": "Which country, not including Japan, has the most people of japanese decent?",
"correct_answer": "Brazil",
"incorrect_answers": [
"China",
"South Korea",
"United States of America"
]
},
{
"category": "General Knowledge",
"type": "multiple",
"difficulty": "easy",
"question": "In which fast food chain can you order a Jamocha Shake?",
"correct_answer": "Arby&#039;s",
"incorrect_answers": [
"McDonald&#039;s",
"Burger King",
"Wendy&#039;s"
]
},
{
"category": "General Knowledge",
"type": "multiple",
"difficulty": "hard",
"question": "Nephelococcygia is the practice of doing what?",
"correct_answer": "Finding shapes in clouds",
"incorrect_answers": [
"Sleeping with your eyes open",
"Breaking glass with your voice",
"Swimming in freezing water"
]
},
{
"category": "General Knowledge",
"type": "multiple",
"difficulty": "hard",
"question": "The Quadrangularis Reversum is best described as which of the following?",
"correct_answer": "A percussion instrument",
"incorrect_answers": [
"A building in Oxford University",
"A chess move",
"A geometric theorem"
]
},{
"category": "General Knowledge",
"type": "multiple",
"difficulty": "easy",
"question": "What geometric shape is generally used for stop signs?",
"correct_answer": "Octagon",
"incorrect_answers": [
"Hexagon",
"Circle",
"Triangle"
]
},
{
"category": "General Knowledge",
"type": "multiple",
"difficulty": "hard",
"question": "Where is Apple Inc. headquartered?",
"correct_answer": "Cupertino, California",
"incorrect_answers": [
"Redwood City, California",
"Redmond, Washington",
"Santa Monica, CA"
]
},{
"category": "Sports",
"type": "multiple",
"difficulty": "easy",
"question": "Which of the following sports is not part of the triathlon?",
"correct_answer": "Horse-Riding",
"incorrect_answers": [
"Cycling",
"Swimming",
"Running"
]
},
{
"category": "Sports",
"type": "multiple",
"difficulty": "medium",
"question": "At which bridge does the annual Oxford and Cambridge boat race start?",
"correct_answer": "Putney",
"incorrect_answers": [
"Hammersmith",
"Vauxhall ",
"Battersea"
]
},
{
"category": "Sports",
"type": "multiple",
"difficulty": "medium",
"question": "With which team did Michael Schumacher make his Formula One debut at the 1991 Belgian Grand Prix?",
"correct_answer": "Jordan",
"incorrect_answers": [
"Benetton",
"Ferrari",
"Mercedes"
]
},
{
"category": "Sports",
"type": "multiple",
"difficulty": "medium",
"question": "Which German sportswear company&#039;s logo is the &#039;Formstripe&#039;?",
"correct_answer": "Puma",
"incorrect_answers": [
"Nike",
"Adidas",
"Reebok"
]
},
{
"category": "Sports",
"type": "multiple",
"difficulty": "hard",
"question": "What tool lends it&#039;s name to a last-stone advantage in an end in Curling?",
"correct_answer": "Hammer",
"incorrect_answers": [
"Wrench",
"Drill",
"Screwdriver"
]
},
{
"category": "Sports",
"type": "multiple",
"difficulty": "easy",
"question": "In golf, what name is given to a hole score of two under par?",
"correct_answer": "Eagle",
"incorrect_answers": [
"Birdie",
"Bogey",
"Albatross"
]
},
{
"category": "Sports",
"type": "multiple",
"difficulty": "medium",
"question": "What cricketing term denotes a batsman being dismissed with a score of zero?",
"correct_answer": "Duck",
"incorrect_answers": [
"Bye",
"Beamer",
"Carry"
]
},
{
"category": "Sports",
"type": "multiple",
"difficulty": "medium",
"question": "Which of these teams isn&#039;t a member of the NHL&#039;s &quot;Original Six&quot; era?",
"correct_answer": "Philadelphia Flyers",
"incorrect_answers": [
"New York Rangers",
"Toronto Maple Leafs",
"Boston Bruins"
]
},
{
"category": "Sports",
"type": "multiple",
"difficulty": "medium",
"question": "What is the nickname of Northampton town&#039;s rugby union club?",
"correct_answer": "Saints",
"incorrect_answers": [
"Harlequins",
"Saracens",
"Wasps"
]
},
{
"category": "Sports",
"type": "multiple",
"difficulty": "easy",
"question": "Which English football club has the nickname &#039;The Foxes&#039;?",
"correct_answer": "Leicester City",
"incorrect_answers": [
"Northampton Town",
"Bradford City",
"West Bromwich Albion"
]
},
{
"category": "Sports",
"type": "multiple",
"difficulty": "easy",
"question": "How many soccer players should be on the field at the same time?",
"correct_answer": "22",
"incorrect_answers": [
"20",
"24",
"26"
]
},
{
"category": "Sports",
"type": "boolean",
"difficulty": "easy",
"question": "Manchester United won the 2013-14 English Premier League.",
"correct_answer": "False",
"incorrect_answers": [
"True"
]
},
{
"category": "Sports",
"type": "multiple",
"difficulty": "easy",
"question": "In what sport is a &quot;shuttlecock&quot; used?",
"correct_answer": "Badminton",
"incorrect_answers": [
"Table Tennis",
"Rugby",
"Cricket"
]
},
{
"category": "Sports",
"type": "multiple",
"difficulty": "medium",
"question": "A stimpmeter measures the speed of a ball over what surface?",
"correct_answer": "Golf Putting Green",
"incorrect_answers": [
" Football Pitch",
"Cricket Outfield",
"Pinball Table"
]
},
{
"category": "Sports",
"type": "multiple",
"difficulty": "medium",
"question": "How many scoring zones are there on a conventional dart board?",
"correct_answer": "82",
"incorrect_answers": [
"62",
"42",
"102"
]
},
{
"category": "Sports",
"type": "multiple",
"difficulty": "medium",
"question": "In a game of snooker, what colour ball is worth 3 points?",
"correct_answer": "Green",
"incorrect_answers": [
"Yellow",
"Brown",
"Blue"
]
},
{
"category": "Sports",
"type": "multiple",
"difficulty": "easy",
"question": "In baseball, how many fouls are an out?",
"correct_answer": "0",
"incorrect_answers": [
"5",
"3",
"2"
]
},
{
"category": "Sports",
"type": "boolean",
"difficulty": "medium",
"question": "Soccer player Cristiano Ronaldo opened a museum dedicated to himself.",
"correct_answer": "True",
"incorrect_answers": [
"False"
]
},
{
"category": "Sports",
"type": "multiple",
"difficulty": "medium",
"question": "The F1 season of 1994 is remembered for what tragic event?",
"correct_answer": "Death of Ayrton Senna (San Marino)",
"incorrect_answers": [
"The Showdown (Australia)",
"Verstappen on Fire (Germany)",
"Schumacher&#039;s Ban (Britain)"
]
},
{
"category": "Sports",
"type": "multiple",
"difficulty": "easy",
"question": "The Rio 2016 Summer Olympics held it&#039;s closing ceremony on what date?",
"correct_answer": "August 21",
"incorrect_answers": [
"August 23",
"August 19",
"August 17"
]
},
{
"category": "Sports",
"type": "multiple",
"difficulty": "easy",
"question": "Which country will host the 2020 Summer Olympics?",
"correct_answer": "Japan",
"incorrect_answers": [
"China",
"Australia",
"Germany"
]
},
{
"category": "Sports",
"type": "multiple",
"difficulty": "easy",
"question": "Which country is hosting the 2018 FIFA World Cup?",
"correct_answer": "Russia",
"incorrect_answers": [
"Germany",
"United States",
"Saudi Arabia"
]
},
{
"category": "Sports",
"type": "multiple",
"difficulty": "easy",
"question": "Who won the 2015 Formula 1 World Championship?",
"correct_answer": "Lewis Hamilton",
"incorrect_answers": [
"Nico Rosberg",
"Sebastian Vettel",
"Jenson Button"
]
},
{
"category": "Sports",
"type": "boolean",
"difficulty": "medium",
"question": "Skateboarding will be included in the 2020 Summer Olympics in Tokyo.",
"correct_answer": "True",
"incorrect_answers": [
"False"
]
},
{
"category": "Sports",
"type": "multiple",
"difficulty": "easy",
"question": "What was the final score of the Germany vs. Brazil 2014 FIFA World Cup match?",
"correct_answer": "7 - 1",
"incorrect_answers": [
"0 - 1",
"3 - 4",
"16 - 0"
]
},
{
"category": "Sports",
"type": "multiple",
"difficulty": "medium",
"question": "Which team was the 2015-2016 NBA Champions?",
"correct_answer": "Cleveland Cavaliers",
"incorrect_answers": [
"Golden State Warriors",
"Toronto Raptors",
"Oklahoma City Thunders"
]
},
{
"category": "Sports",
"type": "multiple",
"difficulty": "hard",
"question": "Where was the Games of the XXII Olympiad held?",
"correct_answer": "Moscow",
"incorrect_answers": [
"Barcelona",
"Tokyo",
"Los Angeles"
]
},
{
"category": "Sports",
"type": "multiple",
"difficulty": "medium",
"question": "Which car manufacturer won the 2016 24 Hours of Le Mans?",
"correct_answer": "Porsche",
"incorrect_answers": [
"Toyota",
"Audi",
"Ferrari"
]
},
{
"category": "Sports",
"type": "multiple",
"difficulty": "hard",
"question": "Which male player won the gold medal of table tennis singles in 2016 Olympics Games?",
"correct_answer": "Ma Long (China)",
"incorrect_answers": [
"Zhang Jike (China)",
"Jun Mizutani (Japan)",
"Vladimir Samsonov (Belarus)"
]
},
{
"category": "Sports",
"type": "multiple",
"difficulty": "hard",
"question": "Which female player won the gold medal of table tennis singles in 2016 Olympics Games?",
"correct_answer": "DING Ning (China)",
"incorrect_answers": [
"LI Xiaoxia (China)",
"Ai FUKUHARA (Japan)",
"Song KIM (North Korea)"
]
},
{
"category": "Sports",
"type": "boolean",
"difficulty": "easy",
"question": "Roger Federer is a famous soccer player.",
"correct_answer": "False",
"incorrect_answers": [
"True"
]
},
{
"category": "Sports",
"type": "multiple",
"difficulty": "medium",
"question": "Which soccer team won the Copa Am&eacute;rica 2015 Championship ?",
"correct_answer": "Chile",
"incorrect_answers": [
"Argentina",
"Brazil",
"Paraguay"
]
},
{
"category": "Sports",
"type": "multiple",
"difficulty": "easy",
"question": "Which team won 2014 FIFA World Cup in Brazil?",
"correct_answer": "Germany",
"incorrect_answers": [
"Argentina",
"Brazil",
"Netherlands"
]
},
{
"category": "Sports",
"type": "multiple",
"difficulty": "easy",
"question": "How many points did LeBron James score in his first NBA game?",
"correct_answer": "25",
"incorrect_answers": [
"19",
"69",
"41"
]
},
{
"category": "Sports",
"type": "boolean",
"difficulty": "medium",
"question": "Formula E is an auto racing series that uses hybrid electric race cars.",
"correct_answer": "False",
"incorrect_answers": [
"True"
]
},
{
"category": "Sports",
"type": "multiple",
"difficulty": "easy",
"question": "Who won the 2016 Formula 1 World Driver&#039;s Championship?",
"correct_answer": "Nico Rosberg",
"incorrect_answers": [
"Lewis Hamilton",
"Max Verstappen",
"Kimi Raikkonen"
]
},
{
"category": "Sports",
"type": "multiple",
"difficulty": "easy",
"question": "Which city did the former NHL team &quot;The Nordiques&quot; originiate from?",
"correct_answer": "Quebec City",
"incorrect_answers": [
"Houston",
"Montreal",
"New York"
]
},
{
"category": "Sports",
"type": "multiple",
"difficulty": "medium",
"question": "What is the oldest team in the NFL?",
"correct_answer": "Arizona Cardinals",
"incorrect_answers": [
"Chicago Bears",
"Green Bay Packers",
"New York Giants"
]
},
{
"category": "Sports",
"type": "multiple",
"difficulty": "medium",
"question": "What is the oldest team in Major League Baseball?",
"correct_answer": "Atlanta Braves",
"incorrect_answers": [
"Chicago Cubs",
"Cincinnati Reds",
"St. Louis Cardinals"
]
},
{
"category": "Sports",
"type": "multiple",
"difficulty": "medium",
"question": "In Formula 1, the Virtual Safety Car was introduced following the fatal crash of which driver?",
"correct_answer": "Jules Bianchi",
"incorrect_answers": [
"Ayrton Senna",
"Ronald Ratzenberger",
"Gilles Villeneuve"
]
},
{
"category": "Sports",
"type": "multiple",
"difficulty": "medium",
"question": "Which of the following Grand Slam tennis tournaments occurs LAST?",
"correct_answer": "US Open",
"incorrect_answers": [
"French Open",
"Wimbledon",
"Australian Open"
]
},
{
"category": "Sports",
"type": "multiple",
"difficulty": "medium",
"question": "What is the exact length of one non-curved part in Lane 1 of an Olympic Track?",
"correct_answer": "84.39m",
"incorrect_answers": [
"100m",
"100yd",
"109.36yd"
]
},
{
"category": "Sports",
"type": "multiple",
"difficulty": "easy",
"question": "This Canadian television sportscaster is known for his &quot;Hockey Night in Canada&quot; role, a commentary show during hockey games.",
"correct_answer": "Don Cherry",
"incorrect_answers": [
"Don McKellar",
"Don Taylor ",
"Donald Sutherland"
]
},
{
"category": "Sports",
"type": "multiple",
"difficulty": "easy",
"question": "Which team has won the most Stanley Cups in the NHL?",
"correct_answer": "Montreal Canadians",
"incorrect_answers": [
"Chicago Blackhawks",
"Toronto Maple Leafs",
"Detroit Red Wings"
]
},
{
"category": "Sports",
"type": "boolean",
"difficulty": "easy",
"question": "In Rugby League, performing a &quot;40-20&quot; is punished by a free kick for the opposing team.",
"correct_answer": "False",
"incorrect_answers": [
"True"
]
},
{
"category": "Sports",
"type": "boolean",
"difficulty": "medium",
"question": "Wilt Chamberlain scored his infamous 100-point-game against the New York Knicks in 1962.",
"correct_answer": "True",
"incorrect_answers": [
"False"
]
},
{
"category": "Sports",
"type": "multiple",
"difficulty": "medium",
"question": "Who won the &quot;Champions League&quot; in 1999?",
"correct_answer": "Manchester United",
"incorrect_answers": [
"Barcelona",
"Bayern Munich",
"Liverpool"
]
},
{
"category": "Sports",
"type": "multiple",
"difficulty": "medium",
"question": "Who won the 2015 College Football Playoff (CFP) National Championship? ",
"correct_answer": "Ohio State Buckeyes",
"incorrect_answers": [
"Alabama Crimson Tide",
"Clemson Tigers",
"Wisconsin Badgers"
]
},
{
"category": "Sports",
"type": "multiple",
"difficulty": "medium",
"question": "What year was hockey legend Wayne Gretzky born?",
"correct_answer": "1961",
"incorrect_answers": [
"1965",
"1959",
"1963"
]
}
]
}